{
  "columns": {
    "customer_id": {
      "mean": 2.5,
      "std": 1.2909944487358056
    },
    "age": {
      "mean": 31.75,
      "std": 7.274384280931732
    }
  }
}